{"stats":{"minecraft:killed_by":{"minecraft:creeper":1,"minecraft:zombie":1,"minecraft:player":36,"minecraft:phantom":1},"minecraft:dropped":{"minecraft:glass_bottle":2,"minecraft:jungle_planks":6,"minecraft:rail":7,"minecraft:birch_slab":1,"minecraft:dirt":14,"refurbished_furniture:wrench":1,"backpacked:backpack":1,"minecraft:red_glazed_terracotta":4,"minecraft:blackstone":64,"minecraft:diamond_block":1152,"minecraft:cobbled_deepslate":1216,"minecraft:wheat":2,"farmersdelight:cabbage":2,"minecraft:rotten_flesh":2,"minecraft:waxed_copper_block":6,"supplementaries:ash":8,"minecraft:acacia_slab":3,"minecraft:acacia_sapling":3,"minecraft:chiseled_tuff":1,"minecraft:arrow":6,"minecraft:netherrack":7286,"minecraft:enchanted_book":3,"minecraft:iron_ingot":4,"minecraft:cobblestone":178,"minecraft:book":18,"artifacts:whoopee_cushion":1,"minecraft:polished_tuff":12,"minecraft:granite":128,"minecraft:nether_brick_wall":5,"minecraft:acacia_trapdoor":5,"minecraft:stick":39,"minecraft:iron_block":192,"minecraft:diorite":27,"minecraft:wooden_axe":2,"minecraft:melon_slice":7,"minecraft:waxed_copper_bulb":6,"minecraft:armadillo_scute":2,"minecraft:cactus":2,"minecraft:tuff_bricks":256,"minecraft:player_head":3,"minecraft:blaze_rod":1,"minecraft:tuff":8,"minecraft:bamboo_mosaic":8,"rusticdelight:dark_coffee":2,"minecraft:filled_map":1,"minecraft:oak_sapling":6,"artifacts:eternal_steak":2,"minecraft:wooden_pickaxe":2,"minecraft:raw_gold":11,"pineapple_delight:pineapple":21},"minecraft:picked_up":{"minecraft:wooden_axe":2,"minecraft:wheat":193,"vegandelight:wild_soybean":14,"minecraft:redstone_block":33,"minecraft:creeper_head":3,"minecraft:suspicious_stew":2,"artifacts:bunny_hoppers":2,"supplementaries:bomb_blue":1,"minecraft:lead":3,"minecraft:stone_slab":6,"minecraft:oak_stairs":110,"minecraft:brown_bed":1,"minecraft:potion":1,"minecraft:enchanted_book":5,"handcrafted:white_crockery_combo":1,"minecraft:stone_brick_stairs":5,"minecraft:golden_sword":1,"ubesdelight:lemongrass_seeds":41,"minecraft:lapis_block":28,"minecraft:string":29,"rusticdelight:coffee_beans":621,"minecraft:raw_copper":30,"minecraft:pufferfish":3,"minecraft:zombie_head":16,"minecraft:beetroot":21,"minecraft:oak_sign":1,"minecraft:gold_nugget":641,"minecraft:cobbled_deepslate":3316,"farmersdelight:cabbage":8,"minecraft:spruce_planks":12,"minecraft:melon_slice":26,"minecraft:coal_block":15,"farmersdelight:cabbage_seeds":22,"rusticdelight:dark_coffee":1,"minecraft:stick":188,"utility_belt:utility_belt":2,"minecraft:acacia_fence":1,"dumplings_delight:garlic":3,"farmersdelight:rotten_tomato":2,"rusticdelight:bell_pepper_red":29,"minecraft:brown_terracotta":2,"minecraft:torch":65,"minecraft:green_bed":2,"minecraft:acacia_log":61,"dumplings_delight:garlic_chive_seeds":32,"minecraft:porkchop":23,"minecraft:cherry_log":39,"minecraft:diorite":78,"supplementaries:flax":8,"minecraft:cauldron":1,"ubesdelight:lemongrass":49,"minecraft:quartz_block":256,"farmersdelight:fried_egg":4,"minecraft:cactus":4,"artifacts:lucky_scarf":2,"minecraft:rotten_flesh":79,"minecraft:tropical_fish":1,"farmersdelight:onion":19,"minecraft:armadillo_scute":6,"minecraft:iron_block":68,"farmersdelight:rope":17,"minecraft:white_terracotta":3,"supplementaries:ash":52,"artifacts:panic_necklace":2,"minecraft:blaze_rod":23,"minecraft:obsidian":54,"minecraft:iron_bars":7,"minecraft:cod":19,"minecraft:blaze_powder":28,"minecraft:cobblestone":1483,"minecraft:magma_block":75,"dumplings_delight:greenonion":8,"rusticdelight:bell_pepper_seeds":68,"rusticdelight:bell_pepper_yellow":5,"minecraft:feather":6,"minecraft:cooked_beef":4,"minecraft:jungle_log":49,"minecraft:birch_slab":2,"minecraft:andesite":68,"minecraft:copper_block":47,"minecraft:smoker":1,"minecraft:potato":75,"pfm:bamboo_blue_simple_bed":2,"minecraft:flint":5,"things:agglomeration":8,"minecraft:tuff":60,"supplementaries:flax_seeds":30,"artifacts:pickaxe_heater":2,"minecraft:lapis_lazuli":289,"farmersdelight:tomato":161,"minecraft:dirt":680,"minecraft:lantern":2,"ring_of_flight:ring_of_flight":2,"minecraft:glass":1996,"minecraft:bone":56,"minecraft:acacia_planks":25,"minecraft:stonecutter":1,"minecraft:bow":6,"minecraft:wheat_seeds":478,"minecraft:raw_gold":33,"minecraft:bamboo":84,"minecraft:oak_planks":733,"dumplings_delight:chinese_cabbage_seeds":8,"rusticdelight:cherry_blossom_cheesecake_slice":1,"minecraft:sand":1966,"minecraft:jungle_planks":6,"minecraft:grass_block":2,"minecraft:diamond_block":768,"minecraft:barrel":18,"minecraft:mossy_cobblestone":1,"onlyhammers:netherite_hammer":3,"minecraft:stripped_acacia_log":1,"minecraft:clay":48,"minecraft:diamond":372,"minecraft:soul_lantern":3,"waystones:waystone":1,"ubesdelight:ube":66,"minecraft:granite":270,"minecraft:golden_apple":4,"minecraft:chainmail_helmet":1,"minecraft:emerald":18,"pfm:furniture_book":2,"minecraft:oak_sapling":59,"minecraft:netherrack":13647,"minecraft:coarse_dirt":1,"minecraft:cocoa_beans":82,"minecraft:waxed_oxidized_cut_copper":6,"minecraft:crafting_table":7,"minecraft:allium":11,"minecraft:azure_bluet":1,"things:gleaming_powder":10,"minecraft:chicken":2,"minecraft:ladder":2,"minecraft:nether_wart":10,"minecraft:clay_ball":213,"minecraft:golden_pickaxe":2,"refurbished_furniture:wrench":1,"backpacked:backpack":25,"minecraft:wooden_pickaxe":2,"minecraft:gold_block":111,"minecraft:chain":4,"minecraft:brick":2,"farmersdelight:diamond_knife":1,"minecraft:oak_trapdoor":1,"minecraft:blackstone":831,"minecraft:beef":39,"minecraft:chiseled_tuff":2,"minecraft:player_head":36,"minecraft:iron_nugget":32,"minecraft:sugar_cane":19,"minecraft:chest":6,"minecraft:phantom_membrane":48,"minecraft:egg":4,"minecraft:sandstone":128,"dumplings_delight:chinese_cabbage":2,"artifacts:charm_of_sinking":1,"minecraft:copper_ingot":385,"minecraft:bowl":1,"minecraft:spruce_fence":2,"farmersdelight:tomato_seeds":28,"more_bows_and_arrows:lightning_rod_bow":1,"moredelight:toast":4,"minecraft:carrot":68,"minecraft:redstone":346,"rusticdelight:roasted_coffee_beans":72,"advancednetherite:netherite_diamond_axe":1,"minecraft:dark_oak_planks":1,"minecraft:tnt":2,"artifacts:snorkel":1,"more_bows_and_arrows:netherite_arrow":2,"minecraft:arrow":70,"artifacts:cowboy_hat":2,"minecraft:beetroot_seeds":37,"minecraft:decorated_pot":1,"minecraft:yellow_terracotta":1,"minecraft:pink_tulip":1,"minecraft:gold_ingot":87,"minecraft:tuff_bricks":160,"minecraft:mutton":7,"minecraft:glow_berries":12,"minecraft:nether_brick_wall":7,"minecraft:white_wool":2,"minecraft:skeleton_skull":10,"minecraft:bone_block":3,"minecraft:rail":12,"minecraft:lime_bed":1,"artifacts:eternal_steak":3,"minecraft:smooth_red_sandstone":4,"minecraft:salmon":3,"minecraft:leather":10,"advancednetherite:netherite_diamond_shovel":2,"minecraft:red_glazed_terracotta":6,"minecraft:waxed_copper_bulb":9,"waystones:sandy_waystone":1,"minecraft:oak_log":93,"minecraft:waxed_copper_block":9,"minecraft:lily_pad":1,"minecraft:ancient_debris":6,"minecraft:cobblestone_stairs":1,"farmersdelight:flint_knife":1,"minecraft:paper":14,"moredelight:bread_slice":4,"minecraft:orange_terracotta":2,"minecraft:cooked_mutton":2,"dumplings_delight:garlic_chive":11,"rusticdelight:bell_pepper_green":9,"minecraft:apple":14,"minecraft:stone_bricks":6,"ubesdelight:garlic":69,"minecraft:acacia_trapdoor":5,"minecraft:heart_of_the_sea":1,"minecraft:spruce_wood":1,"minecraft:iron_ingot":194,"artifacts:whoopee_cushion":1,"pineapple_delight:pineapple":46,"minecraft:glass_bottle":4,"minecraft:acacia_sapling":10,"minecraft:book":46,"minecraft:oak_slab":140,"minecraft:milk_bucket":4,"rusticdelight:chocolate_coffee":1,"minecraft:pumpkin":2,"minecraft:stone_brick_slab":2,"minecraft:quartz":345,"pfm:bamboo_black_simple_bed":4,"minecraft:raw_iron_block":17,"minecraft:amethyst_shard":12,"minecraft:soul_torch":1,"minecraft:blast_furnace":1,"minecraft:spruce_log":4,"minecraft:crying_obsidian":1,"minecraft:spider_eye":40,"minecraft:mossy_stone_brick_slab":1,"minecraft:polished_tuff":43,"vegandelight:tofu":8,"minecraft:bamboo_mosaic":16,"artifacts:helium_flamingo":2,"minecraft:oak_wood":645,"minecraft:firework_rocket":6,"minecraft:dried_kelp_block":4,"minecraft:slime_ball":6,"artifacts:strider_shoes":1,"minecraft:redstone_ore":2,"minecraft:cherry_sapling":29,"minecraft:melon_seeds":2,"minecraft:baked_potato":22,"pineapple_delight:pineapple_crop":91,"minecraft:acacia_slab":6,"minecraft:coal":195,"minecraft:ender_pearl":1},"minecraft:killed":{"minecraft:spider":6,"minecraft:skeleton":9,"minecraft:chicken":1,"artifacts:mimic":3,"minecraft:pig":2,"minecraft:creeper":3,"minecraft:sheep":2,"minecraft:zombie":18,"minecraft:blaze":8,"minecraft:cow":2,"minecraft:phantom":7,"minecraft:drowned":9,"minecraft:husk":16,"minecraft:rabbit":1,"minecraft:player":1},"minecraft:mined":{"minecraft:spruce_planks":12,"minecraft:oak_sapling":1,"minecraft:farmland":1,"minecraft:mossy_stone_brick_slab":1,"minecraft:cobblestone_stairs":1,"minecraft:jungle_leaves":1,"minecraft:obsidian":60,"minecraft:granite":172,"minecraft:acacia_log":30,"minecraft:grass_block":364,"minecraft:jungle_log":24,"rusticdelight:coffee":1,"minecraft:tuff_bricks":128,"minecraft:chiseled_stone_bricks":1,"minecraft:spawner":2,"minecraft:raw_iron_block":10,"minecraft:magma_block":45,"minecraft:iron_ore":19,"minecraft:barrel":10,"minecraft:fire":52,"minecraft:cobbled_deepslate":1,"minecraft:polished_tuff":31,"minecraft:deepslate_lapis_ore":8,"minecraft:azure_bluet":1,"minecraft:brown_bed":1,"minecraft:smooth_red_sandstone":4,"minecraft:oak_stairs":110,"minecraft:iron_bars":7,"minecraft:pink_tulip":1,"minecraft:green_bed":2,"minecraft:deepslate_redstone_ore":17,"minecraft:soul_wall_torch":1,"minecraft:blackstone":514,"minecraft:melon_stem":1,"betterarcheology:rotten_log":10,"minecraft:smoker":1,"minecraft:orange_terracotta":2,"minecraft:soul_lantern":3,"minecraft:clay":53,"minecraft:torch":20,"betterarcheology:rotten_stairs":4,"things:deepslate_gleaming_ore":3,"minecraft:blast_furnace":1,"minecraft:melon":1,"minecraft:chest":2,"minecraft:dead_bush":3,"supplementaries:wild_flax":1,"minecraft:glass":13,"minecraft:nether_quartz_ore":143,"minecraft:cobblestone":120,"minecraft:oak_planks":720,"minecraft:sugar_cane":11,"minecraft:wall_torch":25,"minecraft:cauldron":1,"minecraft:seagrass":2,"minecraft:white_terracotta":3,"minecraft:chain":4,"minecraft:waxed_copper_bulb":3,"minecraft:wheat":1,"minecraft:waxed_copper_block":3,"minecraft:stone_brick_stairs":5,"minecraft:oak_log":2,"minecraft:dirt":198,"minecraft:acacia_fence":1,"minecraft:sand":1897,"minecraft:stonecutter":1,"minecraft:ancient_debris":6,"minecraft:netherrack":22266,"pfm:bamboo_black_simple_bed":2,"minecraft:oak_leaves":8,"minecraft:deepslate":1969,"minecraft:crying_obsidian":1,"minecraft:yellow_terracotta":1,"minecraft:nether_gold_ore":73,"minecraft:diamond_ore":29,"minecraft:tuff":42,"minecraft:mossy_cobblestone":1,"minecraft:deepslate_diamond_ore":42,"minecraft:nether_brick_wall":19,"minecraft:glow_lichen":1,"minecraft:nether_bricks":30,"minecraft:ladder":1,"minecraft:spruce_fence":1,"minecraft:decorated_pot":1,"minecraft:birch_slab":1,"minecraft:acacia_slab":2,"minecraft:sandstone":128,"handcrafted:white_crockery_combo":1,"farmersdelight:wild_onions":5,"pfm:bamboo_blue_simple_bed":1,"minecraft:redstone_ore":31,"minecraft:oak_trapdoor":1,"minecraft:waxed_oxidized_cut_copper":6,"minecraft:acacia_trapdoor":5,"minecraft:andesite":198,"minecraft:chiseled_tuff":1,"vegandelight:wild_soybean":14,"pineapple_delight:pineapple_wild_crop":6,"minecraft:deepslate_iron_ore":17,"minecraft:vine":19,"minecraft:rail":2,"minecraft:lantern":1,"minecraft:stripped_acacia_log":1,"minecraft:bamboo":7,"minecraft:stone":1346,"minecraft:oak_slab":131,"minecraft:acacia_leaves":5,"ubesdelight:wild_lemongrass":5,"minecraft:basalt":11,"minecraft:stone_brick_slab":2,"minecraft:crafting_table":6,"minecraft:short_grass":120,"minecraft:oak_wood":69,"rusticdelight:wild_coffee":11,"minecraft:copper_ore":39,"minecraft:stone_slab":1,"minecraft:tall_grass":6,"minecraft:dried_kelp_block":2,"minecraft:red_glazed_terracotta":2,"minecraft:lapis_ore":6,"farmersdelight:wild_tomatoes":11,"minecraft:deepslate_gold_ore":13,"ubesdelight:wild_ube":8,"minecraft:diorite":101,"supplementaries:urn":20,"rusticdelight:wild_bell_peppers":6,"minecraft:coarse_dirt":1,"betterarcheology:fossiliferous_dirt":2,"ubesdelight:wild_garlic":4,"minecraft:spruce_log":4,"minecraft:coal_ore":52,"minecraft:cocoa":14,"minecraft:brown_terracotta":2,"minecraft:acacia_planks":1,"minecraft:stone_bricks":6,"minecraft:gold_ore":15,"minecraft:fern":23,"minecraft:dark_oak_planks":1},"minecraft:custom":{"minecraft:animals_bred":11,"minecraft:interact_with_crafting_table":125,"minecraft:open_barrel":30,"minecraft:bell_ring":1,"minecraft:leave_game":21,"minecraft:time_since_death":6331,"minecraft:damage_blocked_by_shield":1860,"minecraft:sprint_one_cm":441462,"minecraft:drop":231,"minecraft:talked_to_villager":4,"minecraft:play_time":1021634,"minecraft:deaths":41,"minecraft:jump":2697,"minecraft:walk_on_water_one_cm":272916,"minecraft:interact_with_cartography_table":1,"minecraft:interact_with_loom":1,"minecraft:sleep_in_bed":10,"minecraft:waystone_activated":4,"minecraft:damage_dealt":26965,"minecraft:player_kills":2,"minecraft:crouch_one_cm":31702,"minecraft:open_diamond_chest":44,"minecraft:interact_with_smoker":10,"minecraft:use_cauldron":1,"minecraft:interact_with_anvil":16,"minecraft:mob_kills":89,"minecraft:inspect_hopper":3,"minecraft:fill_cauldron":3,"minecraft:interact_with_campfire":80,"minecraft:climb_one_cm":5517,"minecraft:walk_one_cm":1965493,"minecraft:sneak_time":20771,"minecraft:walk_under_water_one_cm":103119,"minecraft:interact_with_blast_furnace":23,"minecraft:total_world_time":1021634,"minecraft:interact_with_grindstone":4,"minecraft:time_since_rest":6360,"minecraft:damage_taken":25750,"minecraft:swim_one_cm":23203,"minecraft:fly_one_cm":6372647,"minecraft:open_chest":496,"minecraft:open_iron_chest":64,"minecraft:fish_caught":23,"minecraft:fall_one_cm":14006},"minecraft:crafted":{"minecraft:brick":20,"minecraft:grindstone":1,"minecraft:oak_planks":1376,"minecraft:stone":45,"moredelight:toast_with_egg":1,"rusticdelight:dark_coffee":2,"disenchanting_table:disenchanting_table":1,"minecraft:quartz_block":352,"minecraft:glass":64,"minecraft:diamond_helmet":1,"minecraft:diamond_leggings":1,"minecraft:melon_seeds":1,"minecraft:chest":32,"minecraft:oak_button":1,"minecraft:copper_block":47,"minecraft:bricks":4,"minecraft:oak_fence":48,"farmersdelight:stove":1,"minecraft:glass_bottle":48,"minecraft:oak_slab":174,"minecraft:wooden_shovel":1,"minecraft:cauldron":3,"minecraft:crafting_table":5,"farmersdelight:chocolate_pie":1,"minecraft:spruce_planks":12,"farmersdelight:flint_knife":1,"minecraft:wooden_pickaxe":2,"minecraft:gold_block":39,"minecraft:campfire":3,"farmersdelight:cutting_board":1,"rusticdelight:coffee":5,"moredelight:toast_with_chocolate":1,"minecraft:diamond_pickaxe":1,"rusticdelight:chocolate_coffee":1,"minecraft:stick":108,"minecraft:stone_slab":6,"advancednetherite:netherite_diamond_ingot":3,"minecraft:iron_ingot":1,"minecraft:iron_pickaxe":1,"minecraft:iron_block":7,"minecraft:gold_ingot":296,"minecraft:netherite_ingot":3,"minecraft:cherry_planks":64,"minecraft:coal":27,"minecraft:fishing_rod":1,"minecraft:diamond_hoe":1,"minecraft:bone_meal":45,"farmersdelight:pie_crust":1,"minecraft:diamond_block":21,"minecraft:flint_and_steel":1,"minecraft:diamond":27,"minecraft:diamond_boots":1,"minecraft:redstone_block":33,"minecraft:jungle_fence":18,"minecraft:netherite_scrap":6,"advancednetherite:netherite_emerald_ingot":3,"minecraft:sugar":12,"minecraft:coal_block":21,"advancednetherite:netherite_iron_ingot":3,"advancednetherite:netherite_gold_ingot":3,"farmersdelight:cooking_pot":1,"minecraft:bucket":2,"minecraft:bread":7,"minecraft:air":0,"minecraft:jungle_planks":124,"minecraft:gold_nugget":54,"minecraft:oak_stairs":60,"minecraft:wooden_axe":2,"minecraft:anvil":1,"farmersdelight:diamond_knife":2,"minecraft:acacia_planks":188,"minecraft:torch":136,"minecraft:clay":48,"minecraft:lapis_block":28,"minecraft:diamond_chestplate":1},"minecraft:broken":{"minecraft:diamond_helmet":1,"minecraft:diamond_boots":1,"minecraft:diamond_chestplate":1,"minecraft:diamond_leggings":1},"minecraft:used":{"rusticdelight:chocolate_coffee":1,"ubesdelight:lemongrass_seeds":5,"pfm:bamboo_blue_simple_bed":2,"farmersdelight:cabbage_seeds":6,"minecraft:diamond_hoe":361,"farmersdelight:stove":1,"minecraft:chest":37,"minecraft:shield":23,"farmersdelight:cabbage":1,"minecraft:player_head":3,"dumplings_delight:garlic_chive_seeds":10,"minecraft:mutton":1,"minecraft:cocoa_beans":42,"minecraft:jungle_planks":3,"minecraft:carrot":6,"minecraft:obsidian":40,"minecraft:milk_bucket":4,"minecraft:glass":821,"minecraft:lava_bucket":3,"farmersdelight:cutting_board":1,"minecraft:bow":73,"minecraft:beetroot_seeds":5,"minecraft:potato":12,"minecraft:oak_planks":1823,"minecraft:bamboo_mosaic":8,"advancednetherite:netherite_diamond_axe":1576,"rusticdelight:bell_pepper_seeds":11,"minecraft:jungle_fence":18,"minecraft:blackstone":18,"artifacts:eternal_steak":114,"minecraft:sugar_cane":7,"minecraft:sand":147,"dumplings_delight:garlic":1,"minecraft:blast_furnace":1,"waystones:waystone":1,"pineapple_delight:pineapple_crop":21,"minecraft:bread":9,"pfm:bamboo_black_simple_bed":4,"onlyhammers:netherite_hammer":31760,"farmersdelight:chocolate_pie":1,"supplementaries:flax_seeds":4,"minecraft:pufferfish":1,"more_bows_and_arrows:lightning_rod_bow":20,"minecraft:grindstone":1,"minecraft:bone_meal":16,"minecraft:oak_fence":2,"waystones:sandy_waystone":1,"farmersdelight:diamond_knife":13,"minecraft:flint_and_steel":6,"ubesdelight:ube":26,"minecraft:spruce_planks":12,"minecraft:netherrack":69,"minecraft:torch":137,"minecraft:dirt":326,"minecraft:anvil":1,"farmersdelight:flint_knife":1,"rusticdelight:cherry_blossom_cheesecake_slice":1,"minecraft:oak_wood":324,"minecraft:raw_iron_block":10,"minecraft:wooden_axe":46,"minecraft:oak_stairs":154,"minecraft:barrel":2,"minecraft:melon_seeds":1,"minecraft:bamboo":5,"artifacts:everlasting_beef":1,"advancednetherite:netherite_diamond_shovel":2535,"farmersdelight:cooking_pot":1,"farmersdelight:tomato_seeds":26,"minecraft:acacia_planks":1,"minecraft:orange_terracotta":2,"farmersdelight:fried_egg":3,"minecraft:cooked_mutton":2,"minecraft:wheat_seeds":45,"minecraft:water_bucket":13,"ubesdelight:garlic":14,"minecraft:glass_bottle":5,"minecraft:baked_potato":2,"minecraft:cauldron":4,"minecraft:stonecutter":1,"minecraft:green_bed":2,"rusticdelight:coffee_beans":142,"minecraft:crafting_table":10,"minecraft:oak_slab":186,"dumplings_delight:chinese_cabbage_seeds":2,"minecraft:campfire":2,"disenchanting_table:disenchanting_table":1,"minecraft:spruce_log":1,"minecraft:smoker":1,"minecraft:diamond_pickaxe":2,"moredelight:toast_with_egg":1,"minecraft:chicken":2,"minecraft:iron_pickaxe":36,"minecraft:suspicious_stew":1,"handcrafted:white_crockery_combo":1,"vegandelight:wild_soybean":6,"rusticdelight:coffee":1,"moredelight:toast_with_chocolate":1,"minecraft:fishing_rod":45,"minecraft:cobblestone":11,"minecraft:bucket":18}},"DataVersion":3955}