{"stats":{"minecraft:picked_up":{"minecraft:wooden_axe":2,"minecraft:coarse_dirt":1,"minecraft:cocoa_beans":5,"minecraft:waxed_oxidized_cut_copper":6,"minecraft:crafting_table":2,"minecraft:azure_bluet":1,"things:gleaming_powder":5,"minecraft:ladder":2,"supplementaries:bomb_blue":1,"artifacts:bunny_hoppers":2,"minecraft:stone_slab":1,"backpacked:backpack":1,"minecraft:wooden_pickaxe":2,"minecraft:brown_bed":1,"minecraft:gold_block":1,"minecraft:stone_brick_stairs":5,"minecraft:chain":4,"ubesdelight:lemongrass_seeds":5,"rusticdelight:coffee_beans":25,"minecraft:raw_copper":15,"minecraft:cobbled_deepslate":2124,"minecraft:chiseled_tuff":2,"minecraft:iron_nugget":13,"minecraft:chest":2,"minecraft:sugar_cane":6,"minecraft:stick":133,"minecraft:sandstone":116,"utility_belt:utility_belt":2,"rusticdelight:bell_pepper_red":2,"artifacts:charm_of_sinking":1,"minecraft:copper_ingot":384,"minecraft:brown_terracotta":2,"minecraft:torch":21,"minecraft:acacia_log":44,"minecraft:green_bed":1,"minecraft:porkchop":12,"farmersdelight:tomato_seeds":26,"minecraft:diorite":78,"minecraft:redstone":278,"advancednetherite:netherite_diamond_axe":1,"minecraft:dark_oak_planks":1,"artifacts:cowboy_hat":2,"minecraft:cactus":2,"artifacts:lucky_scarf":2,"minecraft:rotten_flesh":6,"minecraft:decorated_pot":1,"minecraft:armadillo_scute":2,"minecraft:yellow_terracotta":1,"minecraft:pink_tulip":1,"minecraft:gold_ingot":71,"minecraft:white_terracotta":3,"artifacts:panic_necklace":2,"supplementaries:ash":52,"minecraft:tuff_bricks":160,"minecraft:obsidian":9,"minecraft:iron_bars":6,"minecraft:white_wool":1,"minecraft:cobblestone":1422,"minecraft:magma_block":4,"rusticdelight:bell_pepper_seeds":11,"artifacts:eternal_steak":1,"minecraft:smooth_red_sandstone":4,"minecraft:andesite":68,"minecraft:jungle_log":23,"advancednetherite:netherite_diamond_shovel":2,"minecraft:red_glazed_terracotta":6,"things:agglomeration":8,"minecraft:waxed_copper_bulb":9,"minecraft:tuff":40,"minecraft:waxed_copper_block":9,"supplementaries:flax_seeds":4,"minecraft:cobblestone_stairs":1,"farmersdelight:tomato":1,"artifacts:pickaxe_heater":2,"minecraft:lapis_lazuli":146,"minecraft:dirt":1,"minecraft:paper":4,"minecraft:orange_terracotta":2,"minecraft:cooked_mutton":2,"ring_of_flight:ring_of_flight":2,"minecraft:glass":1408,"minecraft:bone":20,"minecraft:acacia_planks":22,"minecraft:stone_bricks":5,"ubesdelight:garlic":14,"minecraft:wheat_seeds":36,"minecraft:raw_gold":11,"minecraft:iron_ingot":126,"artifacts:whoopee_cushion":1,"minecraft:bamboo":11,"minecraft:acacia_sapling":6,"minecraft:book":11,"minecraft:raw_iron_block":17,"minecraft:sand":1636,"minecraft:amethyst_shard":6,"minecraft:blast_furnace":1,"minecraft:grass_block":1,"minecraft:barrel":10,"minecraft:polished_tuff":43,"minecraft:mossy_cobblestone":1,"onlyhammers:netherite_hammer":2,"artifacts:helium_flamingo":2,"minecraft:oak_wood":512,"minecraft:dried_kelp_block":2,"minecraft:slime_ball":6,"minecraft:diamond":196,"minecraft:soul_lantern":3,"artifacts:strider_shoes":1,"ubesdelight:ube":15,"minecraft:granite":270,"minecraft:emerald":2,"minecraft:baked_potato":7,"pfm:furniture_book":1,"pineapple_delight:pineapple_crop":21,"minecraft:netherrack":100,"minecraft:coal":192,"minecraft:ender_pearl":1},"minecraft:used":{"minecraft:flint_and_steel":3,"minecraft:chest":20,"minecraft:netherrack":49,"minecraft:torch":7,"minecraft:raw_iron_block":10,"minecraft:obsidian":9,"minecraft:wooden_axe":46,"artifacts:everlasting_beef":1,"advancednetherite:netherite_diamond_shovel":1831,"minecraft:orange_terracotta":2,"minecraft:cooked_mutton":2,"minecraft:baked_potato":2,"advancednetherite:netherite_diamond_axe":151,"artifacts:eternal_steak":2,"minecraft:crafting_table":2,"minecraft:blast_furnace":1,"minecraft:bread":9,"onlyhammers:netherite_hammer":4261,"minecraft:cobblestone":9},"minecraft:mined":{"minecraft:dark_oak_planks":1,"minecraft:yellow_terracotta":1,"minecraft:diamond_ore":29,"minecraft:tuff":32,"minecraft:mossy_cobblestone":1,"minecraft:deepslate_diamond_ore":29,"minecraft:cobblestone_stairs":1,"minecraft:jungle_leaves":1,"minecraft:obsidian":11,"minecraft:glow_lichen":1,"minecraft:ladder":1,"minecraft:granite":172,"minecraft:acacia_log":29,"minecraft:decorated_pot":1,"minecraft:jungle_log":23,"minecraft:sandstone":116,"minecraft:tuff_bricks":128,"minecraft:chiseled_stone_bricks":1,"minecraft:magma_block":8,"minecraft:raw_iron_block":10,"minecraft:redstone_ore":31,"minecraft:waxed_oxidized_cut_copper":6,"minecraft:fire":2,"minecraft:iron_ore":19,"minecraft:barrel":10,"minecraft:cobbled_deepslate":1,"minecraft:polished_tuff":31,"minecraft:andesite":143,"minecraft:deepslate_lapis_ore":4,"minecraft:azure_bluet":1,"minecraft:brown_bed":1,"minecraft:chiseled_tuff":1,"minecraft:smooth_red_sandstone":4,"pineapple_delight:pineapple_wild_crop":6,"minecraft:vine":7,"minecraft:deepslate_iron_ore":17,"minecraft:iron_bars":6,"minecraft:pink_tulip":1,"minecraft:bamboo":2,"minecraft:stone":1114,"minecraft:green_bed":1,"minecraft:deepslate_redstone_ore":9,"minecraft:acacia_leaves":5,"ubesdelight:wild_lemongrass":5,"betterarcheology:rotten_log":10,"minecraft:orange_terracotta":2,"minecraft:soul_lantern":3,"minecraft:crafting_table":1,"minecraft:torch":3,"betterarcheology:rotten_stairs":4,"things:deepslate_gleaming_ore":3,"minecraft:short_grass":81,"minecraft:blast_furnace":1,"rusticdelight:wild_coffee":10,"minecraft:chest":2,"minecraft:dead_bush":2,"minecraft:stone_slab":1,"minecraft:tall_grass":4,"minecraft:copper_ore":39,"minecraft:cobblestone":82,"minecraft:dried_kelp_block":2,"minecraft:red_glazed_terracotta":2,"farmersdelight:wild_tomatoes":11,"minecraft:deepslate_gold_ore":7,"minecraft:lapis_ore":6,"minecraft:sugar_cane":4,"ubesdelight:wild_ube":8,"minecraft:diorite":99,"minecraft:wall_torch":1,"supplementaries:urn":20,"minecraft:white_terracotta":3,"minecraft:chain":4,"minecraft:waxed_copper_bulb":3,"rusticdelight:wild_bell_peppers":6,"minecraft:coarse_dirt":1,"ubesdelight:wild_garlic":4,"minecraft:waxed_copper_block":3,"minecraft:stone_brick_stairs":5,"minecraft:coal_ore":52,"minecraft:cocoa":3,"minecraft:sand":1831,"minecraft:dirt":1,"minecraft:brown_terracotta":2,"minecraft:stone_bricks":5,"minecraft:netherrack":118,"minecraft:gold_ore":15,"minecraft:deepslate":1372,"minecraft:fern":18},"minecraft:killed":{"minecraft:skeleton":1,"artifacts:mimic":3,"minecraft:husk":1,"minecraft:pig":2,"minecraft:sheep":1,"minecraft:zombie":2},"minecraft:dropped":{"minecraft:cobblestone":178,"minecraft:polished_tuff":12,"minecraft:granite":128,"minecraft:stick":37,"minecraft:diorite":27,"minecraft:wooden_axe":2,"minecraft:waxed_copper_bulb":6,"minecraft:armadillo_scute":1,"minecraft:cactus":2,"minecraft:red_glazed_terracotta":4,"minecraft:tuff_bricks":256,"minecraft:cobbled_deepslate":1216,"minecraft:tuff":8,"minecraft:rotten_flesh":2,"minecraft:waxed_copper_block":6,"supplementaries:ash":8,"minecraft:acacia_sapling":3,"minecraft:arrow":6,"minecraft:chiseled_tuff":1,"minecraft:wooden_pickaxe":2},"minecraft:killed_by":{"minecraft:zombie":1},"minecraft:crafted":{"minecraft:flint_and_steel":1,"minecraft:chest":18,"minecraft:crafting_table":1,"minecraft:wooden_pickaxe":2,"minecraft:jungle_planks":92,"minecraft:stick":44,"minecraft:iron_ingot":1,"minecraft:wooden_axe":2,"minecraft:acacia_planks":116},"minecraft:custom":{"minecraft:mob_kills":10,"minecraft:interact_with_crafting_table":7,"minecraft:open_barrel":13,"minecraft:interact_with_campfire":8,"minecraft:time_since_death":114331,"minecraft:climb_one_cm":3790,"minecraft:sprint_one_cm":140086,"minecraft:walk_one_cm":283125,"minecraft:drop":52,"minecraft:talked_to_villager":1,"minecraft:play_time":133664,"minecraft:sneak_time":2230,"minecraft:deaths":1,"minecraft:walk_under_water_one_cm":4263,"minecraft:jump":521,"minecraft:walk_on_water_one_cm":9135,"minecraft:total_world_time":133664,"minecraft:interact_with_cartography_table":1,"minecraft:time_since_rest":114357,"minecraft:damage_taken":1550,"minecraft:damage_dealt":2955,"minecraft:fly_one_cm":754647,"minecraft:open_chest":66,"minecraft:crouch_one_cm":2617,"minecraft:fall_one_cm":2554}},"DataVersion":3955}