{"stats":{"minecraft:killed_by":{"minecraft:creeper":2,"minecraft:witch":2,"minecraft:zombie":2,"minecraft:husk":1,"minecraft:player":2},"minecraft:dropped":{"minecraft:golden_pickaxe":2,"minecraft:glass_bottle":3,"minecraft:glow_berries":2,"minecraft:lantern":2,"minecraft:dirt":128,"refurbished_furniture:wrench":1,"backpacked:backpack":1,"supplementaries:flax":1,"minecraft:sand":258,"artifacts:cowboy_hat":1,"minecraft:blackstone":448,"minecraft:diamond_block":1600,"minecraft:cobbled_deepslate":768,"minecraft:oak_planks":73,"waystones:sandy_waystone":1,"artifacts:helium_flamingo":1,"minecraft:oak_wood":838,"minecraft:acacia_sapling":3,"artifacts:panic_necklace":1,"minecraft:spruce_wood":3,"things:agglomeration":5,"minecraft:arrow":22,"more_bows_and_arrows:lightning_rod_bow":1,"minecraft:glass":4225,"minecraft:enchanted_book":1,"minecraft:lead":6,"moredelight:bread_slice":4,"onlyhammers:netherite_hammer":6,"rusticdelight:cherry_blossom_cheesecake_slice":2,"minecraft:grass_block":3,"minecraft:golden_apple":1,"artifacts:lucky_scarf":1,"minecraft:milk_bucket":4,"minecraft:wooden_axe":1,"advancednetherite:netherite_diamond_axe":1,"minecraft:iron_door":1,"minecraft:oak_stairs":4,"utility_belt:utility_belt":1,"advancednetherite:netherite_diamond_shovel":4,"minecraft:acacia_planks":22,"artifacts:bunny_hoppers":1,"minecraft:player_head":21,"minecraft:stone_slab":10,"minecraft:spruce_fence":2,"minecraft:potato":1,"ring_of_flight:ring_of_flight":1,"artifacts:pickaxe_heater":1,"minecraft:cow_spawn_egg":1,"minecraft:barrel":8,"minecraft:bow":2,"minecraft:wooden_pickaxe":2},"minecraft:picked_up":{"minecraft:wooden_axe":1,"minecraft:wheat":9,"minecraft:creeper_head":4,"minecraft:anvil":2,"minecraft:prismarine_shard":2,"minecraft:stone_slab":13,"minecraft:smithing_table":1,"minecraft:lead":6,"minecraft:oak_stairs":4,"minecraft:enchanted_book":1,"minecraft:golden_shovel":1,"mcwstairs:deepslate_brick_platform":1,"minecraft:string":28,"rusticdelight:coffee_beans":7,"mcwfences:flowering_azalea_hedge":4,"minecraft:zombie_head":14,"mcwstairs:deepslate_brick_railing":1,"minecraft:sea_pickle":1,"minecraft:gold_nugget":26,"minecraft:cobbled_deepslate":1487,"farmersdelight:cabbage":2,"minecraft:redstone_torch":1,"mcwbridges:oak_log_bridge_stair":1,"minecraft:enchanted_golden_apple":1,"minecraft:coal_block":2758,"minecraft:iron_boots":1,"rusticdelight:dark_coffee":1,"minecraft:stick":14,"mcwlights:red_lamp":1,"farmersdelight:rotten_tomato":1,"minecraft:torch":6,"minecraft:porkchop":6,"minecraft:diorite":203,"supplementaries:flax":2,"minecraft:rotten_flesh":61,"supplementaries:antique_ink":3,"minecraft:armadillo_scute":4,"minecraft:iron_block":192,"supplementaries:ash":10,"minecraft:blaze_rod":1,"minecraft:cod":12,"minecraft:cobblestone":1788,"minecraft:cooked_beef":4,"minecraft:iron_door":1,"minecraft:andesite":246,"minecraft:black_bed":2,"minecraft:smoker":1,"minecraft:potato":5,"things:agglomeration":1,"minecraft:flint":1,"minecraft:tuff":120,"supplementaries:flax_seeds":6,"artifacts:flame_pendant":1,"minecraft:lantern":2,"minecraft:lapis_lazuli":782,"farmersdelight:tomato":30,"minecraft:dirt":143,"minecraft:glass":2808,"minecraft:bone":55,"minecraft:acacia_planks":22,"minecraft:bow":4,"minecraft:cobbled_deepslate_wall":1,"minecraft:wheat_seeds":41,"minecraft:mossy_stone_bricks":1,"minecraft:fletching_table":1,"minecraft:powered_rail":3,"minecraft:oak_planks":179,"rusticdelight:cherry_blossom_cheesecake_slice":2,"minecraft:sand":1027,"minecraft:grass_block":2,"minecraft:diamond_block":2048,"minecraft:trapped_chest":1,"minecraft:barrel":19,"onlyhammers:netherite_hammer":4,"handcrafted:stackable_book":6,"minecraft:sugar":4,"minecraft:diamond":2,"minecraft:granite":51,"mcwstairs:deepslate_brick_terrace_stairs":2,"minecraft:bone_meal":1,"minecraft:golden_apple":1,"minecraft:oak_sapling":17,"minecraft:netherrack":1720,"things:gleaming_powder":1,"refurbished_furniture:wrench":1,"minecraft:golden_pickaxe":2,"backpacked:backpack":9,"minecraft:wooden_pickaxe":2,"mcwfences:azalea_hedge":3,"minecraft:iron_shovel":1,"minecraft:blackstone":500,"rusticdelight:calamari":6,"minecraft:cracked_stone_bricks":1,"minecraft:cartography_table":1,"minecraft:candle":3,"minecraft:beef":19,"minecraft:chiseled_tuff":1,"minecraft:player_head":28,"minecraft:chest":2,"supplementaries:cage":1,"minecraft:sugar_cane":21,"minecraft:phantom_membrane":22,"minecraft:egg":1,"minecraft:raw_iron":8,"minecraft:copper_ingot":504,"minecraft:spruce_fence":2,"minecraft:stone_button":1,"minecraft:carrot":6,"minecraft:redstone":81,"minecraft:tnt":1,"minecraft:arrow":110,"mcwpaths:andesite_dumble_paving":3,"minecraft:pumpkin_pie":8,"handcrafted:fancy_painting":3,"artifacts:running_shoes":1,"artifacts:pocket_piston":1,"minecraft:saddle":2,"minecraft:gold_ingot":12,"minecraft:tuff_bricks":26,"minecraft:glow_berries":7,"minecraft:rail":10,"minecraft:skeleton_skull":8,"minecraft:wet_sponge":1,"minecraft:lime_bed":1,"minecraft:glow_ink_sac":10,"minecraft:salmon":17,"advancednetherite:netherite_diamond_shovel":2,"minecraft:leather":4,"minecraft:mushroom_stew":5,"minecraft:waxed_copper_bulb":1,"minecraft:oak_log":21,"minecraft:waxed_copper_block":6,"minecraft:yellow_bed":1,"minecraft:gunpowder":36,"minecraft:cobblestone_wall":1,"handcrafted:red_cushion":1,"moredelight:bread_slice":4,"minecraft:apple":2,"minecraft:stone_bricks":10,"minecraft:spruce_wood":2,"artifacts:whoopee_cushion":1,"minecraft:iron_ingot":302,"pineapple_delight:pineapple":21,"minecraft:glass_bottle":3,"minecraft:acacia_sapling":3,"minecraft:book":8,"minecraft:quartz":29,"minecraft:amethyst_shard":7,"minecraft:blast_furnace":1,"minecraft:spider_eye":16,"minecraft:bamboo_mosaic":17,"minecraft:oak_wood":326,"minecraft:firework_rocket":15,"dumplings_delight:calamari":4,"minecraft:chainmail_leggings":1,"minecraft:redstone_ore":2,"minecraft:coal":362,"minecraft:chiseled_tuff_bricks":2,"minecraft:ender_pearl":1},"minecraft:killed":{"minecraft:spider":4,"minecraft:skeleton":6,"artifacts:mimic":1,"minecraft:pig":2,"minecraft:zombie_villager":5,"minecraft:elder_guardian":1,"minecraft:creeper":4,"minecraft:zombie":8,"minecraft:cow":1,"minecraft:husk":1,"minecraft:player":33},"minecraft:mined":{"minecraft:oak_sapling":1,"mcwbridges:oak_log_bridge_stair":1,"minecraft:granite":46,"minecraft:grass_block":53,"minecraft:chiseled_tuff_bricks":2,"supplementaries:blaze_rod":1,"minecraft:tuff_bricks":26,"minecraft:spawner":1,"minecraft:cobbled_deepslate":2,"minecraft:iron_ore":66,"minecraft:fire":14,"minecraft:barrel":11,"minecraft:fletching_table":1,"minecraft:deepslate_lapis_ore":16,"rusticdelight:cherry_blossom_cheesecake":1,"easyanvils:minecraft/anvil":2,"minecraft:deepslate_redstone_ore":10,"minecraft:smoker":1,"minecraft:torch":4,"things:deepslate_gleaming_ore":1,"minecraft:blast_furnace":1,"minecraft:chest":2,"minecraft:cobblestone":239,"minecraft:bamboo_mosaic":2,"minecraft:oak_planks":103,"minecraft:iron_door":1,"minecraft:wall_torch":2,"minecraft:waxed_copper_bulb":1,"minecraft:waxed_copper_block":6,"minecraft:tnt":1,"minecraft:black_bed":2,"minecraft:sand":785,"minecraft:dirt":5,"pfm:bamboo_black_simple_bed":1,"minecraft:oak_leaves":2,"minecraft:deepslate":722,"minecraft:tuff":120,"minecraft:candle":1,"minecraft:cartography_table":1,"mcwpaths:andesite_dumble_paving":3,"minecraft:andesite":116,"minecraft:chiseled_tuff":1,"minecraft:deepslate_iron_ore":30,"minecraft:rail":3,"minecraft:stone":1289,"minecraft:smithing_table":1,"minecraft:cobbled_deepslate_wall":1,"minecraft:short_grass":7,"minecraft:stone_slab":3,"minecraft:copper_ore":46,"minecraft:lapis_ore":27,"minecraft:deepslate_gold_ore":4,"minecraft:diorite":153,"supplementaries:urn":12,"minecraft:trapped_chest":1,"minecraft:cobblestone_wall":1,"minecraft:redstone_torch":1,"minecraft:yellow_bed":1,"minecraft:coal_ore":112,"minecraft:cracked_stone_bricks":1,"minecraft:stone_bricks":11,"minecraft:mossy_stone_bricks":1},"minecraft:custom":{"minecraft:animals_bred":1,"minecraft:interact_with_crafting_table":14,"minecraft:open_barrel":16,"minecraft:leave_game":24,"minecraft:time_since_death":11308,"minecraft:sprint_one_cm":115801,"minecraft:drop":234,"minecraft:talked_to_villager":4,"minecraft:play_time":1245438,"minecraft:deaths":12,"minecraft:jump":3139,"minecraft:walk_on_water_one_cm":108045,"minecraft:sleep_in_bed":2,"minecraft:waystone_activated":4,"minecraft:damage_dealt":11009,"minecraft:player_kills":36,"minecraft:crouch_one_cm":180328,"minecraft:open_diamond_chest":9,"minecraft:interact_with_smoker":32,"minecraft:mob_kills":35,"minecraft:interact_with_anvil":1,"minecraft:inspect_hopper":38,"minecraft:climb_one_cm":2628,"minecraft:walk_one_cm":2171125,"minecraft:sneak_time":76117,"minecraft:walk_under_water_one_cm":252548,"minecraft:interact_with_blast_furnace":7,"minecraft:total_world_time":1245438,"minecraft:open_netherite_chest":62,"minecraft:time_since_rest":11382,"minecraft:damage_taken":12490,"minecraft:swim_one_cm":204,"minecraft:fly_one_cm":3959879,"minecraft:open_chest":54,"minecraft:open_iron_chest":45,"minecraft:fall_one_cm":6677},"minecraft:crafted":{"minecraft:oak_planks":40,"rusticdelight:dark_coffee":1,"minecraft:chest":5,"reinfchest:iron_chest":15,"reinfchest:copper_chest":15,"minecraft:iron_ingot":576,"minecraft:gold_ingot":576,"minecraft:shears":1,"minecraft:diamond":576,"things:agglomeration":8,"reinfchest:gold_chest":10,"reinfchest:diamond_chest":10},"minecraft:used":{"rusticdelight:bell_pepper_yellow_crate":1,"handcrafted:evoker_trophy":1,"farmersdelight:onion_crate":1,"supplementaries:hourglass":1,"ubesdelight:baking_mat_bamboo":1,"minecraft:chiseled_deepslate":37,"pfm:bamboo_blue_simple_bed":1,"minecraft:diamond_hoe":1,"minecraft:poppy":1,"minecraft:oak_sign":1,"mcwfurnitures:stripped_oak_kitchen_cabinet":5,"minecraft:chest":2,"farmersdelight:stove":30,"minecraft:stone":59,"minecraft:player_head":1,"handcrafted:stackable_book":38,"supplementaries:globe":1,"handcrafted:pillager_trophy":2,"rusticdelight:coffee_beans_bag":2,"rusticdelight:dark_coffee":2,"mcwfurnitures:stripped_oak_counter":10,"mcwstairs:deepslate_brick_balcony":8,"another_furniture:jungle_bench":13,"minecraft:deepslate_tile_slab":4,"rusticdelight:honey_pancakes":2,"minecraft:deepslate_brick_slab":3,"minecraft:tuff":4,"frightsdelight:bone_crate":1,"minecraft:obsidian":361,"mcwpaths:andesite_dumble_paving":157,"minecraft:glow_squid_spawn_egg":1,"handcrafted:skeleton_trophy":1,"minecraft:glass":2632,"handcrafted:bear_trophy":3,"rusticdelight:cherry_blossom_cookie":1,"mcwfurnitures:stripped_oak_glass_kitchen_cabinet":5,"another_furniture:dark_oak_shelf":3,"rusticdelight:bell_pepper_seeds_bag":2,"minecraft:villager_spawn_egg":1,"supplementaries:blackstone_tile":35,"mcwfurnitures:stripped_oak_covered_desk":11,"minecraft:spruce_wood":68,"minecraft:grass_block":619,"pfm:gray_oven_range_hood":1,"mcwstairs:nether_brick_balcony":4,"minecraft:warped_nylium":7,"mcwstairs:deepslate_brick_terrace_stairs":66,"handcrafted:bamboo_desk":12,"minecraft:dark_oak_wood":920,"farmersdelight:beetroot_crate":1,"minecraft:dark_oak_slab":1,"refurbished_furniture:dark_lightswitch":8,"dumplings_delight:chinese_cabbage_crate":1,"cratedelight:cookie_bag":2,"pineapple_delight:pineapple":3,"minecraft:bow":75,"mcwfurnitures:stripped_oak_cupboard_counter":2,"mcwfurnitures:stripped_oak_double_kitchen_cabinet":4,"pfm:bamboo_herringbone_planks":61,"mcwtrpdoors:bamboo_cottage_trapdoor":8,"minecraft:gold_block":22,"mcwstairs:deepslate_brick_platform":36,"mcwfurnitures:stripped_oak_drawer_counter":5,"ends_delight:chorus_fruit_crate":1,"pfm:oak_black_simple_bed":1,"mcwlights:jungle_ceiling_fan_light":4,"refurbished_furniture:dark_range_hood":73,"reinfchest:iron_chest":35,"minecraft:bamboo_mosaic":387,"minecraft:cow_spawn_egg":10,"refurbished_furniture:red_lamp":1,"advancednetherite:netherite_diamond_axe":248,"minecraft:elder_guardian_spawn_egg":1,"minecraft:oak_planks":1226,"minecraft:jungle_fence":4,"cratedelight:gunpowder_bag":1,"minecraft:blackstone":80,"minecraft:fox_spawn_egg":1,"dumplings_delight:garlic_crate":1,"vegandelight:soybean_bag":1,"minecraft:glow_berries":86,"frightsdelight:web_crate":1,"minecraft:sand":4,"farmersdelight:tatami":6,"supplementaries:candle_holder":27,"minecraft:blast_furnace":6,"mynethersdelight:bullet_pepper_crate":1,"mcwstairs:deepslate_brick_railing":29,"rusticdelight:cotton_seeds_bag":1,"minecraft:deepslate_brick_stairs":1047,"mcwpaths:deepslate_windmill_weave":159,"minecraft:dark_oak_log":341,"mynethersdelight:hoglin_trophy":2,"pfm:bamboo_black_simple_bed":1,"handcrafted:deepslate_pillar_trim":14,"onlyhammers:netherite_hammer":3486,"more_bows_and_arrows:lapis_bow":18,"reinfchest:netherite_chest":17,"ubesdelight:ginger_crate":1,"mcwstairs:nether_brick_railing":7,"minecraft:gravel":26,"minecraft:flowering_azalea_leaves":6,"mcwdoors:dark_oak_glass_door":8,"handcrafted:white_cup":11,"more_bows_and_arrows:lightning_rod_bow":122,"mcwwindows:dark_oak_window":497,"mcwstairs:deepslate_brick_skyline_stairs":60,"minecraft:stripped_oak_wood":503,"minecraft:smithing_table":2,"handcrafted:white_bowl":11,"mcwbridges:oak_bridge_pier":120,"another_furniture:oak_shelf":47,"storagedelight:oak_drawer":1,"handcrafted:creeper_trophy":2,"minecraft:bone_meal":131,"storagedrawers:oak_half_drawers_4":12,"mcwbridges:bridge_lantern":17,"handcrafted:witch_trophy":2,"storagedrawers:oak_full_drawers_1":2,"storagedelight:oak_drawer_with_door":1,"handcrafted:kitchen_hood":24,"handcrafted:bamboo_nightstand":5,"storagedrawers:oak_full_drawers_2":22,"waystones:sandy_waystone":1,"minecraft:acacia_log":1,"handcrafted:fancy_painting":88,"minecraft:flint_and_steel":10,"handcrafted:blackstone_corner_trim":6,"mcwfurnitures:stripped_oak_table":10,"minecraft:zombie_villager_spawn_egg":1,"refurbished_furniture:deepslate_stepping_stones":5,"mcwstairs:nether_brick_bulk_stairs":34,"supplementaries:antique_ink":1,"seeddelight:rosehip_crate":2,"farmersdelight:rice_bag":3,"ubesdelight:lemongrass_crate":2,"refurbished_furniture:dark_microwave":3,"handcrafted:calcite_corner_trim":50,"minecraft:bee_spawn_egg":1,"handcrafted:bamboo_side_table":2,"minecraft:torch":5,"handcrafted:fox_trophy":2,"pineapple_delight:pineapple_crate":1,"minecraft:dirt":9,"mcwlights:soul_dark_oak_tiki_torch":2,"mcwfences:azalea_hedge":117,"minecraft:hopper":42,"handcrafted:bamboo_table":23,"farmersdelight:carrot_crate":1,"rusticdelight:cotton_boll_crate":1,"rusticdelight:bell_pepper_green_crate":1,"refurbished_furniture:television":3,"minecraft:oak_wood":315,"spicydelight:pepper_crate":1,"handcrafted:blackstone_pillar_trim":27,"supplementaries:item_shelf":7,"rusticdelight:bell_pepper_red_crate":2,"mcwpaths:deepslate_dumble_paving":49,"farmersdelight:rope":9,"cratedelight:cocoabeans_bag":1,"minecraft:shroomlight":37,"mcwfences:flowering_azalea_hedge":122,"supplementaries:jar":9,"mynethersdelight:powdery_button":4,"refurbished_furniture:dark_toaster":6,"mcwfurnitures:stripped_oak_modern_desk":3,"rusticdelight:cherry_blossom_pancakes":1,"mcwwindows:jungle_blinds":468,"mcwbridges:oak_rail_bridge":78,"mcwbridges:oak_log_bridge_middle":66,"minecraft:iron_block":1,"supplementaries:lunch_basket":2,"minecraft:spawner":1,"handcrafted:kitchen_hood_pipe":38,"refurbished_furniture:birch_dark_ceiling_fan":37,"farmersdelight:cabbage_crate":1,"more_bows_and_arrows:paper_bow":51,"handcrafted:calcite_pillar_trim":25,"mcwlights:cross_lantern":1,"advancednetherite:netherite_diamond_shovel":836,"reinfchest:diamond_chest":10,"minecraft:blaze_rod":1,"minecraft:salmon_spawn_egg":1,"handcrafted:berry_jam_jar":2,"farmersdelight:cooking_pot":19,"supplementaries:statue":1,"mcwlights:iron_triple_candle_holder":1,"handcrafted:vindicator_trophy":2,"mcwstairs:cobbled_deepslate_platform":4,"farmersdelight:tomato_seeds":1,"oceansdelight:guardian_soup":5,"mcwtrpdoors:bamboo_whispering_trapdoor":1,"farmersdelight:potato_crate":1,"minecraft:calcite":19,"minecraft:wheat_seeds":1,"mcwfurnitures:stripped_oak_coffee_table":4,"farmersdelight:skillet":10,"farmersdelight:tomato_crate":1,"mcwpaths:cobbled_deepslate_crystal_floor":10,"supplementaries:netherite_door":1,"mcwfurnitures:stripped_oak_double_drawer_counter":2,"seeddelight:pinecone_bag":1,"minecraft:cauldron":4,"rusticdelight:vegetable_pancakes":3,"minecraft:stonecutter":1,"seeddelight:cherry_crate":1,"minecraft:deepslate_bricks":588,"more_bows_and_arrows:netherite_bow":11,"minecraft:polished_deepslate_slab":5,"minecraft:rabbit_spawn_egg":1,"minecraft:crafting_table":4,"cratedelight:apple_crate":1,"minecraft:phantom_spawn_egg":1,"frightsdelight:flesh_crate":1,"waystones:blackstone_waystone":2,"cratedelight:egg_crate":1,"minecraft:smoker":21,"cratedelight:sugar_bag":1,"minecraft:oak_log":179,"refurbished_furniture:dark_electricity_generator":32,"minecraft:netherite_block":18,"supplementaries:cage":7,"ubesdelight:ube_crate":2,"more_bows_and_arrows:end_stone_bow":4,"mcwbridges:bridge_torch":18,"mcwfurnitures:jungle_modern_chair":4,"supplementaries:wrench":30,"minecraft:pig_spawn_egg":1,"mcwlights:red_lamp":3,"handcrafted:white_crockery_combo":3,"refurbished_furniture:jungle_dark_ceiling_fan":22,"cratedelight:brown_mushroom_crate":1,"mcwbridges:oak_log_bridge_stair":3,"mcwpaths:mud_brick_crystal_floor_path":14,"handcrafted:jungle_couch":13,"pfm:deepslate_chair_modern":3,"minecraft:azalea_leaves":9,"refurbished_furniture:dark_fridge":9,"rusticdelight:cherry_blossom_cheesecake":1,"minecraft:stripped_crimson_hyphae":23,"storagedrawers:oak_full_drawers_4":13,"cratedelight:red_mushroom_crate":1,"handcrafted:deepslate_corner_trim":9,"frightsdelight:phantom_crate":1,"minecraft:glass_pane":4,"minecraft:pumpkin_pie":1,"mcwfences:nether_brick_pillar_wall":41,"minecraft:dandelion":4,"seeddelight:acorn_bag":1}},"DataVersion":3955}