{"stats":{"minecraft:picked_up":{"minecraft:wooden_axe":1,"minecraft:glow_ink_sac":6,"minecraft:andesite":75,"advancednetherite:netherite_diamond_shovel":2,"minecraft:wooden_pickaxe":2,"minecraft:sand":839,"things:agglomeration":1,"minecraft:diorite":48,"minecraft:dirt":56,"onlyhammers:netherite_hammer":4,"minecraft:oak_wood":320,"minecraft:glass":1920,"rusticdelight:calamari":3,"minecraft:rotten_flesh":6,"minecraft:acacia_planks":22,"minecraft:wheat_seeds":27,"dumplings_delight:calamari":2,"minecraft:granite":5,"minecraft:armadillo_scute":4,"minecraft:bone_meal":1,"minecraft:sugar_cane":6,"minecraft:coal":1,"minecraft:acacia_sapling":3,"minecraft:cod":11,"minecraft:cobblestone":57},"minecraft:mined":{"minecraft:grass_block":53,"minecraft:dirt":3,"minecraft:sand":780},"minecraft:used":{"minecraft:oak_log":89,"mcwpaths:deepslate_windmill_weave":38,"minecraft:bamboo_mosaic":6,"minecraft:acacia_log":1,"minecraft:villager_spawn_egg":1,"minecraft:chiseled_deepslate":37,"minecraft:dark_oak_log":108,"mcwpaths:cobbled_deepslate_crystal_floor":10,"minecraft:grass_block":613,"minecraft:gravel":26,"minecraft:stonecutter":1,"minecraft:deepslate_bricks":8,"minecraft:dirt":3,"advancednetherite:netherite_diamond_shovel":836,"minecraft:crafting_table":2,"pfm:bamboo_herringbone_planks":61,"minecraft:smithing_table":2},"minecraft:killed":{"minecraft:zombie":1},"minecraft:dropped":{"artifacts:lucky_scarf":1,"ring_of_flight:ring_of_flight":1,"artifacts:helium_flamingo":1,"minecraft:oak_wood":832,"minecraft:wooden_axe":1,"backpacked:backpack":1,"advancednetherite:netherite_diamond_axe":1,"artifacts:panic_necklace":1,"minecraft:acacia_sapling":3,"artifacts:pickaxe_heater":1,"things:agglomeration":5,"minecraft:sand":60,"onlyhammers:netherite_hammer":5,"minecraft:glass":3328,"minecraft:wooden_pickaxe":2,"utility_belt:utility_belt":1,"advancednetherite:netherite_diamond_shovel":4,"minecraft:grass_block":1,"minecraft:acacia_planks":22,"artifacts:cowboy_hat":1,"artifacts:bunny_hoppers":1},"minecraft:killed_by":{"minecraft:zombie":2},"minecraft:crafted":{"things:agglomeration":8},"minecraft:custom":{"minecraft:time_since_rest":166971,"minecraft:sprint_one_cm":23418,"minecraft:damage_taken":1145,"minecraft:walk_one_cm":127537,"minecraft:mob_kills":1,"minecraft:drop":100,"minecraft:animals_bred":1,"minecraft:damage_dealt":348,"minecraft:swim_one_cm":168,"minecraft:interact_with_crafting_table":5,"minecraft:talked_to_villager":4,"minecraft:fly_one_cm":808691,"minecraft:open_barrel":2,"minecraft:open_chest":16,"minecraft:crouch_one_cm":14483,"minecraft:play_time":168762,"minecraft:deaths":2,"minecraft:sneak_time":9280,"minecraft:walk_under_water_one_cm":63201,"minecraft:jump":491,"minecraft:leave_game":4,"minecraft:walk_on_water_one_cm":61472,"minecraft:time_since_death":166891,"minecraft:total_world_time":168762}},"DataVersion":3955}